mansir0001@mailinator.com,Password1
mansir0002@mailinator.com,Password1
mansir0003@mailinator.com,Password1
mansir0004@mailinator.com,Password1
mansir0005@mailinator.com,Password1
mansir0006@mailinator.com,Password1
mansir0007@mailinator.com,Password1
mansir0008@mailinator.com,Password1
mansir0009@mailinator.com,Password1
mansir0010@mailinator.com,Password1
mansir0011@mailinator.com,Password1
mansir0012@mailinator.com,Password1
mansir0013@mailinator.com,Password1
mansir0014@mailinator.com,Password1
mansir0015@mailinator.com,Password1
mansir0016@mailinator.com,Password1
mansir0017@mailinator.com,Password1
mansir0018@mailinator.com,Password1
mansir0019@mailinator.com,Password1
mansir0020@mailinator.com,Password1
mansir0021@mailinator.com,Password1
mansir0022@mailinator.com,Password1
mansir0023@mailinator.com,Password1
mansir0024@mailinator.com,Password1
mansir0025@mailinator.com,Password1
mansir0026@mailinator.com,Password1
mansir0027@mailinator.com,Password1
mansir0028@mailinator.com,Password1
mansir0029@mailinator.com,Password1
mansir0030@mailinator.com,Password1
mansir0031@mailinator.com,Password1
mansir0032@mailinator.com,Password1
mansir0033@mailinator.com,Password1
mansir0034@mailinator.com,Password1
mansir0035@mailinator.com,Password1
mansir0036@mailinator.com,Password1
mansir0037@mailinator.com,Password1
mansir0038@mailinator.com,Password1
mansir0039@mailinator.com,Password1
mansir0040@mailinator.com,Password1
mansir0041@mailinator.com,Password1
mansir0042@mailinator.com,Password1
mansir0043@mailinator.com,Password1
mansir0044@mailinator.com,Password1
mansir0045@mailinator.com,Password1
mansir0046@mailinator.com,Password1
mansir0047@mailinator.com,Password1
mansir0048@mailinator.com,Password1
mansir0049@mailinator.com,Password1
mansir0050@mailinator.com,Password1
mansir0051@mailinator.com,Password1
mansir0052@mailinator.com,Password1
mansir0053@mailinator.com,Password1
mansir0054@mailinator.com,Password1
mansir0055@mailinator.com,Password1
mansir0056@mailinator.com,Password1
mansir0057@mailinator.com,Password1
mansir0058@mailinator.com,Password1
mansir0059@mailinator.com,Password1
mansir0060@mailinator.com,Password1
mansir0061@mailinator.com,Password1
mansir0062@mailinator.com,Password1
mansir0063@mailinator.com,Password1
mansir0064@mailinator.com,Password1
mansir0065@mailinator.com,Password1
mansir0066@mailinator.com,Password1
mansir0067@mailinator.com,Password1
mansir0068@mailinator.com,Password1
mansir0069@mailinator.com,Password1
mansir0070@mailinator.com,Password1
mansir0071@mailinator.com,Password1
mansir0072@mailinator.com,Password1
mansir0073@mailinator.com,Password1
mansir0074@mailinator.com,Password1
mansir0075@mailinator.com,Password1
mansir0076@mailinator.com,Password1
mansir0077@mailinator.com,Password1
mansir0078@mailinator.com,Password1
mansir0079@mailinator.com,Password1
mansir0080@mailinator.com,Password1
mansir0081@mailinator.com,Password1
mansir0082@mailinator.com,Password1
mansir0083@mailinator.com,Password1
mansir0084@mailinator.com,Password1
mansir0085@mailinator.com,Password1
mansir0086@mailinator.com,Password1
mansir0087@mailinator.com,Password1
mansir0088@mailinator.com,Password1
mansir0089@mailinator.com,Password1
mansir0090@mailinator.com,Password1
mansir0091@mailinator.com,Password1
mansir0092@mailinator.com,Password1
mansir0093@mailinator.com,Password1
mansir0094@mailinator.com,Password1
mansir0095@mailinator.com,Password1
mansir0096@mailinator.com,Password1
mansir0097@mailinator.com,Password1
mansir0098@mailinator.com,Password1
mansir0099@mailinator.com,Password1
mansir0100@mailinator.com,Password1
mansir0101@mailinator.com,Password1
mansir0102@mailinator.com,Password1
mansir0103@mailinator.com,Password1
mansir0104@mailinator.com,Password1
mansir0105@mailinator.com,Password1
mansir0106@mailinator.com,Password1
mansir0107@mailinator.com,Password1
mansir0108@mailinator.com,Password1
mansir0109@mailinator.com,Password1
mansir0110@mailinator.com,Password1
mansir0111@mailinator.com,Password1
mansir0112@mailinator.com,Password1
mansir0113@mailinator.com,Password1
mansir0114@mailinator.com,Password1
mansir0115@mailinator.com,Password1
mansir0116@mailinator.com,Password1
mansir0117@mailinator.com,Password1
mansir0118@mailinator.com,Password1
mansir0119@mailinator.com,Password1
mansir0120@mailinator.com,Password1
mansir0121@mailinator.com,Password1
mansir0122@mailinator.com,Password1
mansir0123@mailinator.com,Password1
mansir0124@mailinator.com,Password1
mansir0125@mailinator.com,Password1
mansir0126@mailinator.com,Password1
mansir0127@mailinator.com,Password1
mansir0128@mailinator.com,Password1
mansir0129@mailinator.com,Password1
mansir0130@mailinator.com,Password1
mansir0131@mailinator.com,Password1
mansir0132@mailinator.com,Password1
mansir0133@mailinator.com,Password1
mansir0134@mailinator.com,Password1
mansir0135@mailinator.com,Password1
mansir0136@mailinator.com,Password1
mansir0137@mailinator.com,Password1
mansir0138@mailinator.com,Password1
mansir0139@mailinator.com,Password1
mansir0140@mailinator.com,Password1
mansir0141@mailinator.com,Password1
mansir0142@mailinator.com,Password1
mansir0143@mailinator.com,Password1
mansir0144@mailinator.com,Password1
mansir0145@mailinator.com,Password1
mansir0146@mailinator.com,Password1
mansir0147@mailinator.com,Password1
mansir0148@mailinator.com,Password1
mansir0149@mailinator.com,Password1
mansir0150@mailinator.com,Password1
mansir0151@mailinator.com,Password1
mansir0152@mailinator.com,Password1
mansir0153@mailinator.com,Password1
mansir0154@mailinator.com,Password1
mansir0155@mailinator.com,Password1
mansir0156@mailinator.com,Password1
mansir0157@mailinator.com,Password1
mansir0158@mailinator.com,Password1
mansir0159@mailinator.com,Password1
mansir0160@mailinator.com,Password1
mansir0161@mailinator.com,Password1
mansir0162@mailinator.com,Password1
mansir0163@mailinator.com,Password1
mansir0164@mailinator.com,Password1
mansir0165@mailinator.com,Password1
mansir0166@mailinator.com,Password1
mansir0167@mailinator.com,Password1
mansir0168@mailinator.com,Password1
mansir0169@mailinator.com,Password1
mansir0170@mailinator.com,Password1
mansir0171@mailinator.com,Password1
mansir0172@mailinator.com,Password1
mansir0173@mailinator.com,Password1
mansir0174@mailinator.com,Password1
mansir0175@mailinator.com,Password1
mansir0176@mailinator.com,Password1
mansir0177@mailinator.com,Password1
mansir0178@mailinator.com,Password1
mansir0179@mailinator.com,Password1
mansir0180@mailinator.com,Password1
mansir0181@mailinator.com,Password1
mansir0182@mailinator.com,Password1
mansir0183@mailinator.com,Password1
mansir0184@mailinator.com,Password1
mansir0185@mailinator.com,Password1
mansir0186@mailinator.com,Password1
mansir0187@mailinator.com,Password1
mansir0188@mailinator.com,Password1
mansir0189@mailinator.com,Password1
mansir0190@mailinator.com,Password1
mansir0191@mailinator.com,Password1
mansir0192@mailinator.com,Password1
mansir0193@mailinator.com,Password1
mansir0194@mailinator.com,Password1
mansir0195@mailinator.com,Password1
mansir0196@mailinator.com,Password1
mansir0197@mailinator.com,Password1
mansir0198@mailinator.com,Password1
mansir0199@mailinator.com,Password1
mansir0200@mailinator.com,Password1
mansir0201@mailinator.com,Password1
mansir0202@mailinator.com,Password1
mansir0203@mailinator.com,Password1
mansir0204@mailinator.com,Password1
mansir0205@mailinator.com,Password1
mansir0206@mailinator.com,Password1
mansir0207@mailinator.com,Password1
mansir0208@mailinator.com,Password1
mansir0209@mailinator.com,Password1
mansir0210@mailinator.com,Password1
mansir0211@mailinator.com,Password1
mansir0212@mailinator.com,Password1
mansir0213@mailinator.com,Password1
mansir0214@mailinator.com,Password1
mansir0215@mailinator.com,Password1
mansir0216@mailinator.com,Password1
mansir0217@mailinator.com,Password1
mansir0218@mailinator.com,Password1
mansir0219@mailinator.com,Password1
mansir0220@mailinator.com,Password1
mansir0221@mailinator.com,Password1
mansir0222@mailinator.com,Password1
mansir0223@mailinator.com,Password1
mansir0224@mailinator.com,Password1
mansir0225@mailinator.com,Password1
mansir0226@mailinator.com,Password1
mansir0227@mailinator.com,Password1
mansir0228@mailinator.com,Password1
mansir0229@mailinator.com,Password1
mansir0230@mailinator.com,Password1
mansir0231@mailinator.com,Password1
mansir0232@mailinator.com,Password1
mansir0233@mailinator.com,Password1
mansir0234@mailinator.com,Password1
mansir0235@mailinator.com,Password1
mansir0236@mailinator.com,Password1
mansir0237@mailinator.com,Password1
mansir0238@mailinator.com,Password1
mansir0239@mailinator.com,Password1
mansir0240@mailinator.com,Password1
mansir0241@mailinator.com,Password1
mansir0242@mailinator.com,Password1
mansir0243@mailinator.com,Password1
mansir0244@mailinator.com,Password1
mansir0245@mailinator.com,Password1
mansir0246@mailinator.com,Password1
mansir0247@mailinator.com,Password1
mansir0248@mailinator.com,Password1
mansir0249@mailinator.com,Password1
mansir0250@mailinator.com,Password1
mansir0251@mailinator.com,Password1
mansir0252@mailinator.com,Password1
mansir0253@mailinator.com,Password1
mansir0254@mailinator.com,Password1
mansir0255@mailinator.com,Password1
mansir0256@mailinator.com,Password1
mansir0257@mailinator.com,Password1
mansir0258@mailinator.com,Password1
mansir0259@mailinator.com,Password1
mansir0260@mailinator.com,Password1
mansir0261@mailinator.com,Password1
mansir0262@mailinator.com,Password1
mansir0263@mailinator.com,Password1
mansir0264@mailinator.com,Password1
mansir0265@mailinator.com,Password1
mansir0266@mailinator.com,Password1
mansir0267@mailinator.com,Password1
mansir0268@mailinator.com,Password1
mansir0269@mailinator.com,Password1
mansir0270@mailinator.com,Password1
mansir0271@mailinator.com,Password1
mansir0272@mailinator.com,Password1
mansir0273@mailinator.com,Password1
mansir0274@mailinator.com,Password1
mansir0275@mailinator.com,Password1
mansir0276@mailinator.com,Password1
mansir0277@mailinator.com,Password1
mansir0278@mailinator.com,Password1
mansir0279@mailinator.com,Password1
mansir0280@mailinator.com,Password1
mansir0281@mailinator.com,Password1
mansir0282@mailinator.com,Password1
mansir0283@mailinator.com,Password1
mansir0284@mailinator.com,Password1
mansir0285@mailinator.com,Password1
mansir0286@mailinator.com,Password1
mansir0287@mailinator.com,Password1
mansir0288@mailinator.com,Password1
mansir0289@mailinator.com,Password1
mansir0290@mailinator.com,Password1
mansir0291@mailinator.com,Password1
mansir0292@mailinator.com,Password1
mansir0293@mailinator.com,Password1
mansir0294@mailinator.com,Password1
mansir0295@mailinator.com,Password1
mansir0296@mailinator.com,Password1
mansir0297@mailinator.com,Password1
mansir0298@mailinator.com,Password1
mansir0299@mailinator.com,Password1
mansir0300@mailinator.com,Password1
mansir0301@mailinator.com,Password1
mansir0302@mailinator.com,Password1
mansir0303@mailinator.com,Password1
mansir0304@mailinator.com,Password1
mansir0305@mailinator.com,Password1
mansir0306@mailinator.com,Password1
mansir0307@mailinator.com,Password1
mansir0308@mailinator.com,Password1
mansir0309@mailinator.com,Password1
mansir0310@mailinator.com,Password1
mansir0311@mailinator.com,Password1
mansir0312@mailinator.com,Password1
mansir0313@mailinator.com,Password1
mansir0314@mailinator.com,Password1
mansir0315@mailinator.com,Password1
mansir0316@mailinator.com,Password1
mansir0317@mailinator.com,Password1
mansir0318@mailinator.com,Password1
mansir0319@mailinator.com,Password1
mansir0320@mailinator.com,Password1
mansir0321@mailinator.com,Password1
mansir0322@mailinator.com,Password1
mansir0323@mailinator.com,Password1
mansir0324@mailinator.com,Password1
mansir0325@mailinator.com,Password1
mansir0326@mailinator.com,Password1
mansir0327@mailinator.com,Password1
mansir0328@mailinator.com,Password1
mansir0329@mailinator.com,Password1
mansir0330@mailinator.com,Password1
mansir0331@mailinator.com,Password1
mansir0332@mailinator.com,Password1
mansir0333@mailinator.com,Password1
mansir0334@mailinator.com,Password1
mansir0335@mailinator.com,Password1
mansir0336@mailinator.com,Password1
mansir0337@mailinator.com,Password1
mansir0338@mailinator.com,Password1
mansir0339@mailinator.com,Password1
mansir0340@mailinator.com,Password1
mansir0341@mailinator.com,Password1
mansir0342@mailinator.com,Password1
mansir0343@mailinator.com,Password1
mansir0344@mailinator.com,Password1
mansir0345@mailinator.com,Password1
mansir0346@mailinator.com,Password1
mansir0347@mailinator.com,Password1
mansir0348@mailinator.com,Password1
mansir0349@mailinator.com,Password1
mansir0350@mailinator.com,Password1
mansir0351@mailinator.com,Password1
mansir0352@mailinator.com,Password1
mansir0353@mailinator.com,Password1
mansir0354@mailinator.com,Password1
mansir0355@mailinator.com,Password1
mansir0356@mailinator.com,Password1
mansir0357@mailinator.com,Password1
mansir0358@mailinator.com,Password1
mansir0359@mailinator.com,Password1
mansir0360@mailinator.com,Password1
mansir0361@mailinator.com,Password1
mansir0362@mailinator.com,Password1
mansir0363@mailinator.com,Password1
mansir0364@mailinator.com,Password1
mansir0365@mailinator.com,Password1
mansir0366@mailinator.com,Password1
mansir0367@mailinator.com,Password1
mansir0368@mailinator.com,Password1
mansir0369@mailinator.com,Password1
mansir0370@mailinator.com,Password1
mansir0371@mailinator.com,Password1
mansir0372@mailinator.com,Password1
mansir0373@mailinator.com,Password1
mansir0374@mailinator.com,Password1
mansir0375@mailinator.com,Password1
mansir0376@mailinator.com,Password1
mansir0377@mailinator.com,Password1
mansir0378@mailinator.com,Password1
mansir0379@mailinator.com,Password1
mansir0380@mailinator.com,Password1
mansir0381@mailinator.com,Password1
mansir0382@mailinator.com,Password1
mansir0383@mailinator.com,Password1
mansir0384@mailinator.com,Password1
mansir0385@mailinator.com,Password1
mansir0386@mailinator.com,Password1
mansir0387@mailinator.com,Password1
mansir0388@mailinator.com,Password1
mansir0389@mailinator.com,Password1
mansir0390@mailinator.com,Password1
mansir0391@mailinator.com,Password1
mansir0392@mailinator.com,Password1
mansir0393@mailinator.com,Password1
mansir0394@mailinator.com,Password1
mansir0395@mailinator.com,Password1
mansir0396@mailinator.com,Password1
mansir0397@mailinator.com,Password1
mansir0398@mailinator.com,Password1
mansir0399@mailinator.com,Password1
mansir0400@mailinator.com,Password1
mansir0401@mailinator.com,Password1
mansir0402@mailinator.com,Password1
mansir0403@mailinator.com,Password1
mansir0404@mailinator.com,Password1
mansir0405@mailinator.com,Password1
mansir0406@mailinator.com,Password1
mansir0407@mailinator.com,Password1
mansir0408@mailinator.com,Password1
mansir0409@mailinator.com,Password1
mansir0410@mailinator.com,Password1
mansir0411@mailinator.com,Password1
mansir0412@mailinator.com,Password1
mansir0413@mailinator.com,Password1
mansir0414@mailinator.com,Password1
mansir0415@mailinator.com,Password1
mansir0416@mailinator.com,Password1
mansir0417@mailinator.com,Password1
mansir0418@mailinator.com,Password1
mansir0419@mailinator.com,Password1
mansir0420@mailinator.com,Password1
mansir0421@mailinator.com,Password1
mansir0422@mailinator.com,Password1
mansir0423@mailinator.com,Password1
mansir0424@mailinator.com,Password1
mansir0425@mailinator.com,Password1
mansir0426@mailinator.com,Password1
mansir0427@mailinator.com,Password1
mansir0428@mailinator.com,Password1
mansir0429@mailinator.com,Password1
mansir0430@mailinator.com,Password1
mansir0431@mailinator.com,Password1
mansir0432@mailinator.com,Password1
mansir0433@mailinator.com,Password1
mansir0434@mailinator.com,Password1
mansir0435@mailinator.com,Password1
mansir0436@mailinator.com,Password1
mansir0437@mailinator.com,Password1
mansir0438@mailinator.com,Password1
mansir0439@mailinator.com,Password1
mansir0440@mailinator.com,Password1
mansir0441@mailinator.com,Password1
mansir0442@mailinator.com,Password1
mansir0443@mailinator.com,Password1
mansir0444@mailinator.com,Password1
mansir0445@mailinator.com,Password1
mansir0446@mailinator.com,Password1
mansir0447@mailinator.com,Password1
mansir0448@mailinator.com,Password1
mansir0449@mailinator.com,Password1
mansir0450@mailinator.com,Password1
mansir0451@mailinator.com,Password1
mansir0452@mailinator.com,Password1
mansir0453@mailinator.com,Password1
mansir0454@mailinator.com,Password1
mansir0455@mailinator.com,Password1
mansir0456@mailinator.com,Password1
mansir0457@mailinator.com,Password1
mansir0458@mailinator.com,Password1
mansir0459@mailinator.com,Password1
mansir0460@mailinator.com,Password1
mansir0461@mailinator.com,Password1
mansir0462@mailinator.com,Password1
mansir0463@mailinator.com,Password1
mansir0464@mailinator.com,Password1
mansir0465@mailinator.com,Password1
mansir0466@mailinator.com,Password1
mansir0467@mailinator.com,Password1
mansir0468@mailinator.com,Password1
mansir0469@mailinator.com,Password1
mansir0470@mailinator.com,Password1
mansir0471@mailinator.com,Password1
mansir0472@mailinator.com,Password1
mansir0473@mailinator.com,Password1
mansir0474@mailinator.com,Password1
mansir0475@mailinator.com,Password1
mansir0476@mailinator.com,Password1
mansir0477@mailinator.com,Password1
mansir0478@mailinator.com,Password1
mansir0479@mailinator.com,Password1
mansir0480@mailinator.com,Password1
mansir0481@mailinator.com,Password1
mansir0482@mailinator.com,Password1
mansir0483@mailinator.com,Password1
mansir0484@mailinator.com,Password1
mansir0485@mailinator.com,Password1
mansir0486@mailinator.com,Password1
mansir0487@mailinator.com,Password1
mansir0488@mailinator.com,Password1
mansir0489@mailinator.com,Password1
mansir0490@mailinator.com,Password1
mansir0491@mailinator.com,Password1
mansir0492@mailinator.com,Password1
mansir0493@mailinator.com,Password1
mansir0494@mailinator.com,Password1
mansir0495@mailinator.com,Password1
mansir0496@mailinator.com,Password1
mansir0497@mailinator.com,Password1
mansir0498@mailinator.com,Password1
mansir0499@mailinator.com,Password1
mansir0500@mailinator.com,Password1
mansir0501@mailinator.com,Password1
mansir0502@mailinator.com,Password1
mansir0503@mailinator.com,Password1
mansir0504@mailinator.com,Password1
mansir0505@mailinator.com,Password1
mansir0506@mailinator.com,Password1
mansir0507@mailinator.com,Password1
mansir0508@mailinator.com,Password1
mansir0509@mailinator.com,Password1
mansir0510@mailinator.com,Password1
mansir0511@mailinator.com,Password1
mansir0512@mailinator.com,Password1
mansir0513@mailinator.com,Password1
mansir0514@mailinator.com,Password1
mansir0515@mailinator.com,Password1
mansir0516@mailinator.com,Password1
mansir0517@mailinator.com,Password1
mansir0518@mailinator.com,Password1
mansir0519@mailinator.com,Password1
mansir0520@mailinator.com,Password1
mansir0521@mailinator.com,Password1
mansir0522@mailinator.com,Password1
mansir0523@mailinator.com,Password1
mansir0524@mailinator.com,Password1
mansir0525@mailinator.com,Password1
mansir0526@mailinator.com,Password1
mansir0527@mailinator.com,Password1
mansir0528@mailinator.com,Password1
mansir0529@mailinator.com,Password1
mansir0530@mailinator.com,Password1
mansir0531@mailinator.com,Password1
mansir0532@mailinator.com,Password1
mansir0533@mailinator.com,Password1
mansir0534@mailinator.com,Password1
mansir0535@mailinator.com,Password1
mansir0536@mailinator.com,Password1
mansir0537@mailinator.com,Password1
mansir0538@mailinator.com,Password1
mansir0539@mailinator.com,Password1
mansir0540@mailinator.com,Password1
mansir0541@mailinator.com,Password1
mansir0542@mailinator.com,Password1
mansir0543@mailinator.com,Password1
mansir0544@mailinator.com,Password1
mansir0545@mailinator.com,Password1
mansir0546@mailinator.com,Password1
mansir0547@mailinator.com,Password1
mansir0548@mailinator.com,Password1
mansir0549@mailinator.com,Password1
mansir0550@mailinator.com,Password1
mansir0551@mailinator.com,Password1
mansir0552@mailinator.com,Password1
mansir0553@mailinator.com,Password1
mansir0554@mailinator.com,Password1
mansir0555@mailinator.com,Password1
mansir0556@mailinator.com,Password1
mansir0557@mailinator.com,Password1
mansir0558@mailinator.com,Password1
mansir0559@mailinator.com,Password1
mansir0560@mailinator.com,Password1
mansir0561@mailinator.com,Password1
mansir0562@mailinator.com,Password1
mansir0563@mailinator.com,Password1
mansir0564@mailinator.com,Password1
mansir0565@mailinator.com,Password1
mansir0566@mailinator.com,Password1
mansir0567@mailinator.com,Password1
mansir0568@mailinator.com,Password1
mansir0569@mailinator.com,Password1
mansir0570@mailinator.com,Password1
mansir0571@mailinator.com,Password1
mansir0572@mailinator.com,Password1
mansir0573@mailinator.com,Password1
mansir0574@mailinator.com,Password1
mansir0575@mailinator.com,Password1
mansir0576@mailinator.com,Password1
mansir0577@mailinator.com,Password1
mansir0578@mailinator.com,Password1
mansir0579@mailinator.com,Password1
mansir0580@mailinator.com,Password1
mansir0581@mailinator.com,Password1
mansir0582@mailinator.com,Password1
mansir0583@mailinator.com,Password1
mansir0584@mailinator.com,Password1
mansir0585@mailinator.com,Password1
mansir0586@mailinator.com,Password1
mansir0587@mailinator.com,Password1
mansir0588@mailinator.com,Password1
mansir0589@mailinator.com,Password1
mansir0590@mailinator.com,Password1
mansir0591@mailinator.com,Password1
mansir0592@mailinator.com,Password1
mansir0593@mailinator.com,Password1
mansir0594@mailinator.com,Password1
mansir0595@mailinator.com,Password1
mansir0596@mailinator.com,Password1
mansir0597@mailinator.com,Password1
mansir0598@mailinator.com,Password1
mansir0599@mailinator.com,Password1
mansir0600@mailinator.com,Password1
mansir0601@mailinator.com,Password1
mansir0602@mailinator.com,Password1
mansir0603@mailinator.com,Password1
mansir0604@mailinator.com,Password1
mansir0605@mailinator.com,Password1
mansir0606@mailinator.com,Password1
mansir0607@mailinator.com,Password1
mansir0608@mailinator.com,Password1
mansir0609@mailinator.com,Password1
mansir0610@mailinator.com,Password1
mansir0611@mailinator.com,Password1
mansir0612@mailinator.com,Password1
mansir0613@mailinator.com,Password1
mansir0614@mailinator.com,Password1
mansir0615@mailinator.com,Password1
mansir0616@mailinator.com,Password1
mansir0617@mailinator.com,Password1
mansir0618@mailinator.com,Password1
mansir0619@mailinator.com,Password1
mansir0620@mailinator.com,Password1
